<?xml version="1.0" encoding="UTF-8" ?>
<!DOCTYPE html>
<html class='no-js' expr:dir='data:blog.languageDirection' lang='en-US' xmlns='http://www.w3.org/1999/xhtml' xmlns:b='http://www.google.com/2005/gml/b' xmlns:data='http://www.google.com/2005/gml/data' xmlns:expr='http://www.google.com/2005/gml/expr'>
<head>
<meta charset='UTF-8'/>
<meta content='width=device-width, initial-scale=1.0, maximum-scale=1.0, user-scalable=0' name='viewport'/>
<b:include data='blog' name='all-head-content'/>
<link href='http://fonts.googleapis.com/css?family=PT+Serif:400,700,400italic,700italic' rel='stylesheet' type='text/css'/>
<link href='http://fonts.googleapis.com/css?family=Roboto:400,300,300italic,400italic,700,700italic' rel='stylesheet' type='text/css'/>
<link href='http://fonts.googleapis.com/css?family=Lato:300,400,700' media='all' rel='stylesheet' type='text/css'/>
<link href='//maxcdn.bootstrapcdn.com/font-awesome/4.2.0/css/font-awesome.min.css' rel='stylesheet'/>
<b:if cond='data:blog.pageType == &quot;index&quot;'>
<title><data:blog.pageTitle/></title> 
<b:else/>
<b:if cond='data:blog.pageType != &quot;error_page&quot;'>
<title><data:blog.pageName/> ~ <data:blog.title/></title>
<b:else/>
<title>404 ~ Page Not Found!</title>
</b:if>
</b:if>
<!--[if lt IE 9]>
<script type="text/javascript">
//<![CDATA[
/*
 HTML5 Shiv v3.7.0 | @afarkas @jdalton @jon_neal @rem | MIT/GPL2 Licensed
*/
(function(l,f){function m(){var a=e.elements;return"string"==typeof a?a.split(" "):a}function i(a){var b=n[a[o]];b||(b={},h++,a[o]=h,n[h]=b);return b}function p(a,b,c){b||(b=f);if(g)return b.createElement(a);c||(c=i(b));b=c.cache[a]?c.cache[a].cloneNode():r.test(a)?(c.cache[a]=c.createElem(a)).cloneNode():c.createElem(a);return b.canHaveChildren&&!s.test(a)?c.frag.appendChild(b):b}function t(a,b){if(!b.cache)b.cache={},b.createElem=a.createElement,b.createFrag=a.createDocumentFragment,b.frag=b.createFrag();
a.createElement=function(c){return!e.shivMethods?b.createElem(c):p(c,a,b)};a.createDocumentFragment=Function("h,f","return function(){var n=f.cloneNode(),c=n.createElement;h.shivMethods&&("+m().join().replace(/[\w\-]+/g,function(a){b.createElem(a);b.frag.createElement(a);return'c("'+a+'")'})+");return n}")(e,b.frag)}function q(a){a||(a=f);var b=i(a);if(e.shivCSS&&!j&&!b.hasCSS){var c,d=a;c=d.createElement("p");d=d.getElementsByTagName("head")[0]||d.documentElement;c.innerHTML="x<style>article,aside,dialog,figcaption,figure,footer,header,hgroup,main,nav,section{display:block}mark{background:#FF0;color:#000}template{display:none}</style>";
c=d.insertBefore(c.lastChild,d.firstChild);b.hasCSS=!!c}g||t(a,b);return a}var k=l.html5||{},s=/^<|^(?:button|map|select|textarea|object|iframe|option|optgroup)$/i,r=/^(?:a|b|code|div|fieldset|h1|h2|h3|h4|h5|h6|i|label|li|ol|p|q|span|strong|style|table|tbody|td|th|tr|ul)$/i,j,o="_html5shiv",h=0,n={},g;(function(){try{var a=f.createElement("a");a.innerHTML="<xyz></xyz>";j="hidden"in a;var b;if(!(b=1==a.childNodes.length)){f.createElement("a");var c=f.createDocumentFragment();b="undefined"==typeof c.cloneNode||
"undefined"==typeof c.createDocumentFragment||"undefined"==typeof c.createElement}g=b}catch(d){g=j=!0}})();var e={elements:k.elements||"abbr article aside audio bdi canvas data datalist details dialog figcaption figure footer header hgroup main mark meter nav output progress section summary template time video",version:"3.7.0",shivCSS:!1!==k.shivCSS,supportsUnknownElements:g,shivMethods:!1!==k.shivMethods,type:"default",shivDocument:q,createElement:p,createDocumentFragment:function(a,b){a||(a=f);
if(g)return a.createDocumentFragment();for(var b=b||i(a),c=b.frag.cloneNode(),d=0,e=m(),h=e.length;d<h;d++)c.createElement(e[d]);return c}};l.html5=e;q(f)})(this,document);

//]]>
</script>
<![endif]-->

<b:skin><![CDATA[/*
-----------------------------------------------
Template Name  : Alexis
Author         : NewBloggerThemes.com
Author URL     : http://newbloggerthemes.com/
Theme URL      : http://newbloggerthemes.com/alexis-blogger-template/
Created Date   : Saturday, January 10, 2015
License        : GNU General Public License v3.0
This template is free for both personal and commercial use, But to satisfy the 'attribution' clause of the license, you are required to keep the footer links intact which provides due credit to its authors.
----------------------------------------------- */
body#layout ul{list-style-type:none;list-style:none}
body#layout ul li{list-style-type:none;list-style:none}
body#layout #headerbwrap {height:auto;}
body#layout #content {}
body#layout .widget_searchnbt {display:none;}
/* Variable definitions
   ====================

*/

/* Use this with templates/template-twocol.html */

.section, .widget {
  margin:0;
  padding:0;
}
/*-----------------------------------[ RESET ] 
*/
html, body, div, span, applet, object, iframe, h1, h2, h3, h4, h5, h6, p, blockquote, pre, a, abbr, acronym, address, big, cite, code, del, dfn, em, img, ins, kbd, q, s, samp, small, strike, strong, sub, sup, tt, var, b, u, i, center, dl, dt, dd, ol, ul, li, fieldset, form, label, legend, table, caption, tbody, tfoot, thead, tr, th, td, article, aside, canvas, details, embed, figure, figcaption, footer, header, hgroup, menu, nav, output, ruby, section, summary, time, mark, audio, video { margin: 0; padding: 0; border: 0; font: inherit; font-size: 100%; vertical-align: baseline; }

html { line-height: 1; }
ol, ul { list-style: none; }
table { border-collapse: collapse; border-spacing: 0; }
caption, th, td { text-align: left; font-weight: normal; vertical-align: middle; }
q, blockquote { quotes: none; }
q:before, q:after, blockquote:before, blockquote:after { content: ""; content: none; }
a img { border: none; }
article, aside, details, figcaption, figure, footer, header, hgroup, main, menu, nav, section, summary { display: block; }

/*-----------------------------------[ BASIC STYLES ] 
*/
html * { -webkit-font-smoothing: antialiased; -moz-osx-font-smoothing: grayscale; }
html, body { height: 100%; }
*, *:before, *:after { -webkit-box-sizing: border-box; -moz-box-sizing: border-box; box-sizing: border-box; text-rendering: optimizeLegibility; }
body { color: #737c7f; background-color: #fff; font-size: 100%; font-family: PT Serif, Helvetica, Arial, sans-serif; font-weight: 300; line-height: 1.6; -ms-text-size-adjust: 100%; -webkit-text-size-adjust: 100%; }
a { color: #5fccb2; text-decoration: none; }
a:hover { color: #3cbc9d; }
img, embed, object, video, svg, iframe { max-width: 100%; }
img, svg { height: auto; }
hr { display: block; height: 1px; border: solid #ddd; border-width: 1px 0 0; margin: 22px 0 21px; padding: 0; clear: both; }

::selection { background-color: #5fccb2; color: #fff; }
::-moz-selection { background-color: #5fccb2; color: #fff; }

.clearfix:before, .clearfix:after { content: " "; display: table; }
.clearfix:after { clear: both; }
/* For IE 6/7 only */
.clearfix { *zoom: 1; }

/*-----------------------------------[ CONTAINER ]
*/
.containernbt { width: 1140px; max-width: 100%; margin: 100px auto; }
@media (max-width: 47.938em) { .containernbt { margin: 80px auto; } }

@media (max-width: 47.938em) { aside { margin-top: 30px; } }

/*-----------------------------------[ VISIBILITY ]
*/
@media (max-width: 37.5em) { .hide-on-mobile { display: none; } }
@media (min-width: 37.5em) and (max-width: 62.5em) { .hide-on-tablet { display: none; } }
@media (min-width: 62.5em) { .hide-on-desktop { display: none; } }

/*-----------------------------------[ ALIGNMENT + POSITIONING ]
*/
.left { float: left; }
.right { float: right; }
.text-rightnbt { text-align: right; }
.text-centernbt { text-align: center; }
.text-justifynbt { text-align: justify; }
.centernbt { display: table-cell; vertical-align: middle; text-align: center; }

/*-----------------------------------[ AD POSITIONING ]
*/
.ad.right { margin: 0 0 10px 20px; }
.ad.left { margin: 0 20px 10px 0; }
.ad.middle { margin: 0 0 0 -9px; }

/*-----------------------------------[ BLOCKQUOTE ]
*/
blockquote { display: block; margin-bottom: 17px; padding-left: 20px; border-left: 2px solid #5fccb2; }
blockquote cite { font-size: .813em; font-weight: 700; letter-spacing: 1px; text-transform: uppercase; }
blockquote cite:before { content: "\2014 \2009"; }
blockquote cite a, blockquote cite a:visited { color: #5fccb2; }

/*-----------------------------------[ TABLE ]
*/
table { width: 100%; margin: 18px 0; border: 1px solid #ddd; }
table thead, table tfoot { background: #f5f5f5; }
thead th, tbody th, tfoot th { padding: 5px 10px; font-weight: 400; text-transform: uppercase; font-size: 12px; text-align: left; }
table#wp-calendar tfoot, table#wp-calendar caption { letter-spacing: 1px; text-transform: uppercase; }
table#wp-calendar tfoot td#next { text-align: right; }
tr.even, tr:nth-child(even) { background: #f9f9f9; }
td { padding: 5px 10px; line-height: 1.4; font-size: 13px; }
td:first-child { font-weight: 400; }

/*-----------------------------------[ RESPONSIVE LAYOUT ] 
*/
@media (max-width: 48em) { .rownbt { width: auto; min-width: 0; margin-left: 0; margin-right: 0; }
  [class*=col-] { width: 100% !important; float: none; }
  [class*=col-]:after, [class*=col-]:before { content: ""; display: table; }
  [class*=col-]:after { clear: both; } }

/*-----------------------------------[ the GRID ]
*
* .row must precede .col-* 
*
* @example 
* <div class="row">
* 	<div class="col-6"></div>
* 	<div class="col-6"></div>
* </div>
*
*/
.col-1 { width: 8.333%; }
.col-2 { width: 16.666%; }
.col-3 { width: 25%; }
.col-4 { width: 33.333%; }
.col-5 { width: 41.666%; }
.col-6 { width: 50%; }
.col-7 { width: 58.333%; }
.col-8 { width: 66.666%; }
.col-9 { width: 75%; }
.col-10 { width: 83.333%; }
.col-11 { width: 91.666%; }
.col-12 { width: 100%; }

/*-----------------------------------[ /the GRID ] 
*/
.rownbt { width: 100%; margin: 0 auto; }
.rownbt .rownbt, .rownbt .rownbt .rownbt { width: auto; max-width: none; min-width: 0; margin: -15px; }
.rownbt:after, .rownbt:before { content: " "; display: table; }
.rownbt:after { clear: both; }
[class*=col-] { float: left; min-height: 1px; padding: 0 15px; position: relative; }

/*-----------------------------------[ TYPOGRAPHY ]
*/
h1, h2, h3, h4, h5, h6 { color: #737c7f; font-family: "PT Serif", sans-serif; font-weight: 400; letter-spacing: 2px; text-transform: uppercase; margin-bottom: 17px; }
h1 { font-size: 2em; }
h2 { font-size: 1.5em; }
h3, h4, h5 { font-size: 1em; }
h6 { font-size: .67em; }
p { /*font-size: 1em; line-height: 1.8; margin-bottom: 17px;*/ }
small { font-size: 80%; }
aside { /*font-size: .813em;*/ }
b, strong { font-weight: bold; }
i, em, dfn { font-style: italic; }
address { font-weight: 400; margin-bottom: 17px; }
tt, var, code, pre, kbd, ins, mark, samp { font-family: Menlo,monospace; font-size: 90%; }
pre { background: #f4f4f4; height: auto; outline: none; margin-bottom: 17px; padding: 6px 10px; vertical-align: middle; width: 100%; word-wrap: break-word; white-space: pre-wrap; }
abbr, acronym { border-bottom: 1px dotted #ddd; cursor: help; }
mark, ins { font-weight: 400; background: #fff9c0; text-decoration: none; }
sup, sub { font-size: 80%; font-weight: 400; height: 0; line-height: 0; position: relative; vertical-align: baseline; }
sup { bottom: 1ex; }
sub { top: .5ex; }
dt { font-weight: 700; text-decoration: underline; }
dd { margin: 0; padding: 0 0 0.5em 0; }

/*-----------------------------------[ FORM STYLES ]
*/
input, textarea { -webkit-appearance: none; -moz-appearance: none; -ms-appearance: none; appearance: none; box-shadow: none; outline: 0; border-radius: 0; font: inherit; color: #737c7f; background-color: inherit; border: 1px solid; border-color: #ddd; padding: 6px; margin: 3px 0 0; width: 100%; }
input:focus, textarea:focus { background-color: transparent; outline: 0 !important; }
textarea { vertical-align: top; resize: none; }
input[type="checkbox"] { display: inline; margin: 10px 10px 0 0; -webkit-appearance: checkbox; }
input[type="search"] { margin: 0; padding: 6px 10px; letter-spacing: 1px; text-transform: uppercase; }
input[type="search"]::-webkit-search-decoration, input[type="search"]::-webkit-search-cancel-button { display: none; }
input[type="submit"] { font-size: .813em; font-weight: 700; display: inline-block; vertical-align: middle; white-space: nowrap; cursor: pointer; margin: 10px 0; padding: 10px 15px; border-radius: 0; overflow: visible; text-transform: uppercase; letter-spacing: 2px !important; background-color: #5fccb2; border: 1px solid #86d8c5; color: #fff !important; width: auto; }
input[type="submit"]:active, input[type="submit"]:focus { outline: none; }
input[type="submit"]::-moz-focus-inner { border: 0; padding: 0; }
input[type="submit"]:hover { border: 1px solid #86d8c5; background-color: transparent; color: #5fccb2 !important; }

/*-----------------------------------[ PLACEHOLDER ]
*/
::-webkit-input-placeholder { color: #737c7f; }
:-moz-placeholder { color: #737c7f; }
::-moz-placeholder { color: #737c7f; }
:-ms-input-placeholder { color: #737c7f; }

/*-----------------------------------[ IMAGE ]
*/
img { /*display: block; margin: 0 0 18px;*/ -webkit-transition-duration: 300ms; -moz-transition-duration: 300ms; -o-transition-duration: 300ms; transition-duration: 300ms; }

/*-----------------------------------[ VIDEO ]
*
* add class .video to your embeded code
*
*/
.video { position: relative; padding-bottom: 56.25%; /* 16:9 */ padding-top: 25px; height: 0; }
.video iframe, .video object, .video embed { position: absolute; top: 0; left: 0; width: 100%; height: 100%; }

/*-----------------------------------[ NAVIGATION ]
*/
header { position: fixed; top: 0; left: 0; width: 100%; height: 50px; background-color: #5fccb2; z-index: 999; font-family: "PT Serif", sans-serif; letter-spacing: 2px; text-transform: uppercase; }
header::after { content: ""; display: table; clear: both; }
header a, header a:hover { color: #fff; font-weight: 700; }
.logonbt { float: left; margin: 0 0 0 1em; line-height: 50px; }
.logonbt img { display: block; max-height: 50px; }
.logonbt h1 { margin: 0; padding: 0; font-size: 1em;font-family: Lato; }
.menunbt { position: relative; float: right; }
.menunbt .menu-item { float: left; *display: inline; zoom: 1; position: relative; }
.menunbt .menu-item a { display: block; background-color: #5fccb2; font-size: .938em; line-height: 50px; padding: 0 15px; border-left: 1px solid rgba(255, 255, 255, 0.2);font-family:Lato; }
.menunbt .menu-item a:hover { background: #f2897f; }
.menu-item:hover .sub-menu { display: block; }
.menu-item.menu-item-has-children > a { padding-right: 2em; }
.menu-item.menu-item-has-children > a::after { content: ""; display: block; width: 0; height: 0; border: solid 5px; border-color: white transparent transparent transparent; margin-right: 15px; margin-top: -2.5px; position: absolute; right: 0; top: 50%; }
.sub-menu { display: none; position: absolute; right: 0; }
.sub-menu .menu-item { width: 16em; }
.sub-menu .menu-item a { font-family: "Helvetica Neue", Helvetica, PT Serif, Arial, sans-serif; text-transform: capitalize; letter-spacing: 0; border-top: 1px solid rgba(255, 255, 255, 0.2); }
.hamburgernbt, .menu-click { display: none; cursor: pointer; position: absolute; top: 0; right: 0; line-height: 45px; padding: 0 15px; color: #fff; font-size: 1.5em; }
.menu-click { line-height: 50px; }
.rotate { -webkit-transform: rotate(180deg); -moz-transform: rotate(180deg); -ms-transform: rotate(180deg); -o-transform: rotate(180deg); transform: rotate(180deg); }

@media (min-width: 769px) { .sub-menu .menu-item .sub-menu { display: none; }
  .sub-menu .menu-item:hover .sub-menu { display: block; position: absolute; top: 0; right: 16em; } }
@media (max-width: 768px) {
  .hamburgernbt { display: block; }
  .menunbt { float: none; clear: both; width: 100%; /* to accomodate long menu */ max-height: 500px; overflow-y: auto; overflow-x: hidden; }
  .menu-listnbt, .menu-item:hover .sub-menu { display: none; }
  .menu-item { width: 100%; }
  .menu-item > a { border-top: 1px solid rgba(255, 255, 255, 0.2); }
  .menu-item.menu-item-has-children > a::after { border: none; }
  .menu-click { display: block; border: 1px solid rgba(255, 255, 255, 0.2); }
  .menu-click:hover { background-color: #f2897f; }
  .sub-menu { position: static; }
  .sub-menu .menu-item { width: 100%; }
  .sub-menu .sub-menu { text-indent: 20px; }
  .sub-menu .sub-menu .menu-item::before { position: absolute; left: -5px; top: 13px; content: "—"; color: #fff; font-weight: 700; } }
/*-----------------------------------[ ARTICLE ]
*/
article.hentry {margin-bottom: 30px;}
article ul, article ol { font-size: 15px; margin: 20px; }
article ul { list-style-type: circle; }
article ol { list-style-type: decimal; }
article li ul, article li ol { margin: 0; padding-left: 20px; }
article .entry-title { margin-bottom: 10px;font-size: 1.2em; }
article h1.entry-title { font-size: 1.5em; line-height: 1.4; }
article .entry-content { margin-bottom: 10px; }
/*article .entry-content p { font-size: .938em; line-height: 1.625; text-align: justify; }*/
article .entry-metanbt { font-family: "PT Serif", sans-serif; font-size: 0.688em; font-weight: 400; letter-spacing: 1px; text-transform: uppercase; margin: 0 0 20px 0; }

/*-----------------------------------[ WIDGETS ]
*/
.widgetareanbt .widget { margin-bottom: 30px; }
.widgetareanbt .widget h2 { font-size: 1.125em; }
.widgetareanbt .widget h3 { font-size: 1.125em; }
.widgetareanbt .widget ul { list-style: none; }
.widgetareanbt .widget ul:not(.children) { border-bottom: 1px solid #e6e3e3; }
.widgetareanbt .widget ul.children { margin: 8px 0 -8px 20px; }
.widgetareanbt .widget li { padding: 8px 0; margin: 0; border-top: 1px solid #e6e3e3; }
.widgetareanbt .widget li a { color: #737c7f !important; }

/*-----------------------------------[ FOOTER ]
*/
#footernbt { height: 53px; color: inherit; font-size: 11px; font-family: "PT Serif", sans-serif; font-weight: 400; line-height: 3; letter-spacing: 2px; text-transform: uppercase; border-top: 1px solid #ddd; }
h2.date-header{margin:10px 0;display:none}
.main .widget{margin:0 0 5px;padding:0 0 2px}
.main .Blog{border-bottom-width:0}
#header .description {}

/* Comments----------------------------------------------- */
#comments{padding:10px;margin-bottom:20px}
#comments h4{font-size:22px;margin-bottom:10px}
.deleted-comment{font-style:italic;color:gray}
#blog-pager-newer-link{float:left}
#blog-pager-older-link{float:right}
#blog-pager{text-align:center;padding:5px;margin:10px 0}
.feed-links{clear:both}
#navbar-iframe{height:0;visibility:hidden;display:none}
.author-profile{background:#f6f6f6;border:1px solid #eee;margin:10px 0;padding:8px;overflow:hidden}
.author-profile img{border:1px solid #ddd;float:left;margin-right:10px}
.post-iconspbt{margin:5px 0 0;padding:0}
.post-locationpbt{margin:5px 0;padding:0}
.related-postbwrap{margin:10px auto 0}
.related-postbwrap h4{font-weight:bold;margin:10px 0}
.related-post-style-2,.related-post-style-2 li{list-style:none;margin:0;padding:0}
.related-post-style-2 li{border-top:0 solid #eee;overflow:hidden;padding:10px 0}
.related-post-style-2 li:first-child{border-top:none}
.related-post-style-2 .related-post-item-thumbnail{width:80px;height:80px;max-width:none;max-height:none;background-color:transparent;border:none;float:left;margin:2px 10px 0 0;padding:0}
.related-post-style-2 .related-post-item-title{font-weight:normal;font-size:100%}
.related-post-style-2 .related-post-item-summary{display:block}
.pbtsharethisbutt { font-family: "PT Serif", sans-serif; font-weight: 400; letter-spacing: 1px; text-transform: uppercase; overflow:hidden;padding:2px 0 5px;margin:0 }
.pbtsharethisbutt ul{list-style:none;list-style-type:none;margin:0;padding:0;font-size: 0.688em; }
.pbtsharethisbutt ul li{float:left;margin:0;padding:0}
.pbtsharethisbutt ul li a{padding:0 10px;display:inline-block}
.pbtsharethisbutt ul li a:hover {}
.separator a[style="margin-left: 1em; margin-right: 1em;"] {margin-left: auto!important;margin-right: auto!important;}
.separator a[style="clear: left; float: left; margin-bottom: 1em; margin-right: 1em;"] {clear: none !important; float: none !important; margin-bottom: 0em !important; margin-right: 0em !important;}
.separator a[style="clear: left; float: left; margin-bottom: 1em; margin-right: 1em;"] img {float: left !important; margin: 0px 10px 10px 0px;}
.separator a[style="clear: right; float: right; margin-bottom: 1em; margin-left: 1em;"] {clear: none !important; float: none !important; margin-bottom: 0em !important; margin-left: 0em !important;}
.separator a[style="clear: right; float: right; margin-bottom: 1em; margin-left: 1em;"] img {float: right !important; margin: 0px 0px 10px 10px;}
.PopularPosts .widget-content ul li{}
.reaction-buttons table{border:none;margin-bottom:5px}
.reaction-buttons table,.reaction-buttons td{border:none!important}
.pbtthumbimg{float:left;margin:0 10px 5px 0;padding:4px;border:0 solid #eee;background:none;width:200px;height:auto}
.headernbt,.menunbt .menu-item a,.menunbt .menu-item a:hover,.sub-item .menu-item a,.sub-item .menu-item a:hover,.menu-click:hover,input[type="submit"]{background-color:#5fccb2}
.headernbt a{color:#fff}
a,a:hover{color:#5fccb2}
input[type="submit"]:hover{color:#5fccb2!important}
input[type="submit"],input[type="submit"]:hover{border:1px solid #5fccb2}
blockquote{border-left:2px solid #5fccb2}
input[type="submit"]:hover{background:transparent!important}
.menu-click:hover{border-top:1px solid rgba(255,255,255,0.2)}
::selection{background-color:#5fccb2}
::-moz-selection{background-color:#5fccb2}
.CSS_LIGHTBOX {z-index: 1000 !important;}
]]></b:skin>

<script src='https://ajax.googleapis.com/ajax/libs/jquery/1.11.1/jquery.min.js' type='text/javascript'/>

<script type='text/javascript'>
//<![CDATA[

/*! jQuery Migrate v1.2.1 | (c) 2005, 2013 jQuery Foundation, Inc. and other contributors | jquery.org/license */
jQuery.migrateMute===void 0&&(jQuery.migrateMute=!0),function(e,t,n){function r(n){var r=t.console;i[n]||(i[n]=!0,e.migrateWarnings.push(n),r&&r.warn&&!e.migrateMute&&(r.warn("JQMIGRATE: "+n),e.migrateTrace&&r.trace&&r.trace()))}function a(t,a,i,o){if(Object.defineProperty)try{return Object.defineProperty(t,a,{configurable:!0,enumerable:!0,get:function(){return r(o),i},set:function(e){r(o),i=e}}),n}catch(s){}e._definePropertyBroken=!0,t[a]=i}var i={};e.migrateWarnings=[],!e.migrateMute&&t.console&&t.console.log&&t.console.log("JQMIGRATE: Logging is active"),e.migrateTrace===n&&(e.migrateTrace=!0),e.migrateReset=function(){i={},e.migrateWarnings.length=0},"BackCompat"===document.compatMode&&r("jQuery is not compatible with Quirks Mode");var o=e("<input/>",{size:1}).attr("size")&&e.attrFn,s=e.attr,u=e.attrHooks.value&&e.attrHooks.value.get||function(){return null},c=e.attrHooks.value&&e.attrHooks.value.set||function(){return n},l=/^(?:input|button)$/i,d=/^[238]$/,p=/^(?:autofocus|autoplay|async|checked|controls|defer|disabled|hidden|loop|multiple|open|readonly|required|scoped|selected)$/i,f=/^(?:checked|selected)$/i;a(e,"attrFn",o||{},"jQuery.attrFn is deprecated"),e.attr=function(t,a,i,u){var c=a.toLowerCase(),g=t&&t.nodeType;return u&&(4>s.length&&r("jQuery.fn.attr( props, pass ) is deprecated"),t&&!d.test(g)&&(o?a in o:e.isFunction(e.fn[a])))?e(t)[a](i):("type"===a&&i!==n&&l.test(t.nodeName)&&t.parentNode&&r("Can't change the 'type' of an input or button in IE 6/7/8"),!e.attrHooks[c]&&p.test(c)&&(e.attrHooks[c]={get:function(t,r){var a,i=e.prop(t,r);return i===!0||"boolean"!=typeof i&&(a=t.getAttributeNode(r))&&a.nodeValue!==!1?r.toLowerCase():n},set:function(t,n,r){var a;return n===!1?e.removeAttr(t,r):(a=e.propFix[r]||r,a in t&&(t[a]=!0),t.setAttribute(r,r.toLowerCase())),r}},f.test(c)&&r("jQuery.fn.attr('"+c+"') may use property instead of attribute")),s.call(e,t,a,i))},e.attrHooks.value={get:function(e,t){var n=(e.nodeName||"").toLowerCase();return"button"===n?u.apply(this,arguments):("input"!==n&&"option"!==n&&r("jQuery.fn.attr('value') no longer gets properties"),t in e?e.value:null)},set:function(e,t){var a=(e.nodeName||"").toLowerCase();return"button"===a?c.apply(this,arguments):("input"!==a&&"option"!==a&&r("jQuery.fn.attr('value', val) no longer sets properties"),e.value=t,n)}};var g,h,v=e.fn.init,m=e.parseJSON,y=/^([^<]*)(<[\w\W]+>)([^>]*)$/;e.fn.init=function(t,n,a){var i;return t&&"string"==typeof t&&!e.isPlainObject(n)&&(i=y.exec(e.trim(t)))&&i[0]&&("<"!==t.charAt(0)&&r("$(html) HTML strings must start with '<' character"),i[3]&&r("$(html) HTML text after last tag is ignored"),"#"===i[0].charAt(0)&&(r("HTML string cannot start with a '#' character"),e.error("JQMIGRATE: Invalid selector string (XSS)")),n&&n.context&&(n=n.context),e.parseHTML)?v.call(this,e.parseHTML(i[2],n,!0),n,a):v.apply(this,arguments)},e.fn.init.prototype=e.fn,e.parseJSON=function(e){return e||null===e?m.apply(this,arguments):(r("jQuery.parseJSON requires a valid JSON string"),null)},e.uaMatch=function(e){e=e.toLowerCase();var t=/(chrome)[ \/]([\w.]+)/.exec(e)||/(webkit)[ \/]([\w.]+)/.exec(e)||/(opera)(?:.*version|)[ \/]([\w.]+)/.exec(e)||/(msie) ([\w.]+)/.exec(e)||0>e.indexOf("compatible")&&/(mozilla)(?:.*? rv:([\w.]+)|)/.exec(e)||[];return{browser:t[1]||"",version:t[2]||"0"}},e.browser||(g=e.uaMatch(navigator.userAgent),h={},g.browser&&(h[g.browser]=!0,h.version=g.version),h.chrome?h.webkit=!0:h.webkit&&(h.safari=!0),e.browser=h),a(e,"browser",e.browser,"jQuery.browser is deprecated"),e.sub=function(){function t(e,n){return new t.fn.init(e,n)}e.extend(!0,t,this),t.superclass=this,t.fn=t.prototype=this(),t.fn.constructor=t,t.sub=this.sub,t.fn.init=function(r,a){return a&&a instanceof e&&!(a instanceof t)&&(a=t(a)),e.fn.init.call(this,r,a,n)},t.fn.init.prototype=t.fn;var n=t(document);return r("jQuery.sub() is deprecated"),t},e.ajaxSetup({converters:{"text json":e.parseJSON}});var b=e.fn.data;e.fn.data=function(t){var a,i,o=this[0];return!o||"events"!==t||1!==arguments.length||(a=e.data(o,t),i=e._data(o,t),a!==n&&a!==i||i===n)?b.apply(this,arguments):(r("Use of jQuery.fn.data('events') is deprecated"),i)};var j=/\/(java|ecma)script/i,w=e.fn.andSelf||e.fn.addBack;e.fn.andSelf=function(){return r("jQuery.fn.andSelf() replaced by jQuery.fn.addBack()"),w.apply(this,arguments)},e.clean||(e.clean=function(t,a,i,o){a=a||document,a=!a.nodeType&&a[0]||a,a=a.ownerDocument||a,r("jQuery.clean() is deprecated");var s,u,c,l,d=[];if(e.merge(d,e.buildFragment(t,a).childNodes),i)for(c=function(e){return!e.type||j.test(e.type)?o?o.push(e.parentNode?e.parentNode.removeChild(e):e):i.appendChild(e):n},s=0;null!=(u=d[s]);s++)e.nodeName(u,"script")&&c(u)||(i.appendChild(u),u.getElementsByTagName!==n&&(l=e.grep(e.merge([],u.getElementsByTagName("script")),c),d.splice.apply(d,[s+1,0].concat(l)),s+=l.length));return d});var Q=e.event.add,x=e.event.remove,k=e.event.trigger,N=e.fn.toggle,T=e.fn.live,M=e.fn.die,S="ajaxStart|ajaxStop|ajaxSend|ajaxComplete|ajaxError|ajaxSuccess",C=RegExp("\\b(?:"+S+")\\b"),H=/(?:^|\s)hover(\.\S+|)\b/,A=function(t){return"string"!=typeof t||e.event.special.hover?t:(H.test(t)&&r("'hover' pseudo-event is deprecated, use 'mouseenter mouseleave'"),t&&t.replace(H,"mouseenter$1 mouseleave$1"))};e.event.props&&"attrChange"!==e.event.props[0]&&e.event.props.unshift("attrChange","attrName","relatedNode","srcElement"),e.event.dispatch&&a(e.event,"handle",e.event.dispatch,"jQuery.event.handle is undocumented and deprecated"),e.event.add=function(e,t,n,a,i){e!==document&&C.test(t)&&r("AJAX events should be attached to document: "+t),Q.call(this,e,A(t||""),n,a,i)},e.event.remove=function(e,t,n,r,a){x.call(this,e,A(t)||"",n,r,a)},e.fn.error=function(){var e=Array.prototype.slice.call(arguments,0);return r("jQuery.fn.error() is deprecated"),e.splice(0,0,"error"),arguments.length?this.bind.apply(this,e):(this.triggerHandler.apply(this,e),this)},e.fn.toggle=function(t,n){if(!e.isFunction(t)||!e.isFunction(n))return N.apply(this,arguments);r("jQuery.fn.toggle(handler, handler...) is deprecated");var a=arguments,i=t.guid||e.guid++,o=0,s=function(n){var r=(e._data(this,"lastToggle"+t.guid)||0)%o;return e._data(this,"lastToggle"+t.guid,r+1),n.preventDefault(),a[r].apply(this,arguments)||!1};for(s.guid=i;a.length>o;)a[o++].guid=i;return this.click(s)},e.fn.live=function(t,n,a){return r("jQuery.fn.live() is deprecated"),T?T.apply(this,arguments):(e(this.context).on(t,this.selector,n,a),this)},e.fn.die=function(t,n){return r("jQuery.fn.die() is deprecated"),M?M.apply(this,arguments):(e(this.context).off(t,this.selector||"**",n),this)},e.event.trigger=function(e,t,n,a){return n||C.test(e)||r("Global events are undocumented and deprecated"),k.call(this,e,t,n||document,a)},e.each(S.split("|"),function(t,n){e.event.special[n]={setup:function(){var t=this;return t!==document&&(e.event.add(document,n+"."+e.guid,function(){e.event.trigger(n,null,t,!0)}),e._data(this,n,e.guid++)),!1},teardown:function(){return this!==document&&e.event.remove(document,n+"."+e._data(this,n)),!1}}})}(jQuery,window);

//]]>
</script>

<script type='text/javascript'>
//<![CDATA[

function showrecentcomments(json){for(var i=0;i<a_rc;i++){var b_rc=json.feed.entry[i];var c_rc;if(i==json.feed.entry.length)break;for(var k=0;k<b_rc.link.length;k++){if(b_rc.link[k].rel=='alternate'){c_rc=b_rc.link[k].href;break;}}c_rc=c_rc.replace("#","#comment-");var d_rc=c_rc.split("#");d_rc=d_rc[0];var e_rc=d_rc.split("/");e_rc=e_rc[5];e_rc=e_rc.split(".html");e_rc=e_rc[0];var f_rc=e_rc.replace(/-/g," ");f_rc=f_rc.link(d_rc);var g_rc=b_rc.published.$t;var h_rc=g_rc.substring(0,4);var i_rc=g_rc.substring(5,7);var j_rc=g_rc.substring(8,10);var k_rc=new Array();k_rc[1]="Jan";k_rc[2]="Feb";k_rc[3]="Mar";k_rc[4]="Apr";k_rc[5]="May";k_rc[6]="Jun";k_rc[7]="Jul";k_rc[8]="Aug";k_rc[9]="Sep";k_rc[10]="Oct";k_rc[11]="Nov";k_rc[12]="Dec";if("content" in b_rc){var l_rc=b_rc.content.$t;}else if("summary" in b_rc){var l_rc=b_rc.summary.$t;}else var l_rc="";var re=/<\S[^>]*>/g;l_rc=l_rc.replace(re,"");if(m_rc==true)document.write('On '+k_rc[parseInt(i_rc,10)]+' '+j_rc+' ');document.write('<a href="'+c_rc+'">'+b_rc.author[0].name.$t+'</a> commented');if(n_rc==true)document.write(' on '+f_rc);document.write(': ');if(l_rc.length<o_rc){document.write('<i>&#8220;');document.write(l_rc);document.write('&#8221;</i><br/><br/>');}else{document.write('<i>&#8220;');l_rc=l_rc.substring(0,o_rc);var p_rc=l_rc.lastIndexOf(" ");l_rc=l_rc.substring(0,p_rc);document.write(l_rc+'&hellip;&#8221;</i>');document.write('<br/><br/>');}}}

function rp(json){document.write('<ul>');for(var i=0;i<numposts;i++){document.write('<li>');var entry=json.feed.entry[i];var posttitle=entry.title.$t;var posturl;if(i==json.feed.entry.length)break;for(var k=0;k<entry.link.length;k++){if(entry.link[k].rel=='alternate'){posturl=entry.link[k].href;break}}posttitle=posttitle.link(posturl);var readmorelink="(more)";readmorelink=readmorelink.link(posturl);var postdate=entry.published.$t;var cdyear=postdate.substring(0,4);var cdmonth=postdate.substring(5,7);var cdday=postdate.substring(8,10);var monthnames=new Array();monthnames[1]="Jan";monthnames[2]="Feb";monthnames[3]="Mar";monthnames[4]="Apr";monthnames[5]="May";monthnames[6]="Jun";monthnames[7]="Jul";monthnames[8]="Aug";monthnames[9]="Sep";monthnames[10]="Oct";monthnames[11]="Nov";monthnames[12]="Dec";if("content"in entry){var postcontent=entry.content.$t}else if("summary"in entry){var postcontent=entry.summary.$t}else var postcontent="";var re=/<\S[^>]*>/g;postcontent=postcontent.replace(re,"");document.write(posttitle);if(showpostdate==true)document.write(' - '+monthnames[parseInt(cdmonth,10)]+' '+cdday);if(showpostsummary==true){if(postcontent.length<numchars){document.write(postcontent)}else{postcontent=postcontent.substring(0,numchars);var quoteEnd=postcontent.lastIndexOf(" ");postcontent=postcontent.substring(0,quoteEnd);document.write(postcontent+'...'+readmorelink)}}document.write('</li>')}document.write('</ul>')}

//]]>
</script>

<script type='text/javascript'>
summary_noimg = 300;
summary_img = 250;
img_thumb_height = 150;
img_thumb_width = 200; 
</script>
<script type='text/javascript'>
//<![CDATA[

function removeHtmlTag(strx,chop){ 
	if(strx.indexOf("<")!=-1)
	{
		var s = strx.split("<"); 
		for(var i=0;i<s.length;i++){ 
			if(s[i].indexOf(">")!=-1){ 
				s[i] = s[i].substring(s[i].indexOf(">")+1,s[i].length); 
			} 
		} 
		strx =  s.join(""); 
	}
	chop = (chop < strx.length-1) ? chop : strx.length-2; 
	while(strx.charAt(chop-1)!=' ' && strx.indexOf(' ',chop)!=-1) chop++; 
	strx = strx.substring(0,chop-1); 
	return strx+'...'; 
}

function createSummaryAndThumb(pID){
	var div = document.getElementById(pID);
	var imgtag = "";
	var img = div.getElementsByTagName("img");
	var summ = summary_noimg;
	if(img.length>=1) {	
		imgtag = '<img src="'+img[0].src+'" class="pbtthumbimg"/>';
		summ = summary_img;
	}
	
	var summary = imgtag + '<div>' + removeHtmlTag(div.innerHTML,summ) + '</div>';
	div.innerHTML = summary;
}

//]]>
</script>

</head>

<body>

<!--start:NAVIGATION -->
<header class='headernbt'>

<div class='logonbt'>
<b:section class='headersec' id='headersec' maxwidgets='1' showaddelement='no'>
  <b:widget id='Header1' locked='true' title='Alexis (Header)' type='Header'>
    <b:includable id='main'>
	  <h1 class='site-titlenbt'><b:include name='title'/></h1>
	  <!-- <h2 class='site-descriptionnbt'><b:include name='description'/></h2> -->
    </b:includable>
    <b:includable id='description'><data:description/></b:includable>
    <b:includable id='title'><a expr:href='data:blog.homepageUrl'><data:title/></a></b:includable>
  </b:widget>
</b:section>
</div>

<a class='hamburgernbt' href='#menu'><i class='fa fa-bars'/></a>

            <!-- Pages-based menu added by BTemplates.com -->
            <div class='menunbt'><div>
            <!-- Pages -->
            <b:section id='pagesmenuwidget' maxwidgets='1' showaddelement='no'>
              <b:widget id='PageList9' locked='false' title='Pages - Menu' type='PageList'>
                <b:includable id='main'>
              <b:if cond='data:title'><!--<h2><data:title/></h2>--></b:if>
              <div>
                <ul class='menu-listnbt'>
                  <b:loop values='data:links' var='link'>
                    <b:if cond='data:link.isCurrentPage'>
                      <li class='menu-item'><a expr:href='data:link.href'><data:link.title/></a></li>
                    <b:else/>
                      <li class='menu-item'><a expr:href='data:link.href'><data:link.title/></a></li>
                    </b:if>
                  </b:loop>
                </ul>
                <b:include name='quickedit'/>
              </div>
            </b:includable>
              </b:widget>
            </b:section>
            <!-- /Pages -->
            </div></div>

</header>
<!--end: NAVIGATION -->		

<!--start:CONTAINER -->
<div class='containernbt'>
<div class='rownbt' role='main'>
<div class='col-8'>
<b:section class='mainblogsec' id='mainblogsec' showaddelement='no'>
  <b:widget id='Blog1' locked='true' title='Blog Posts' type='Blog'>
    <b:includable id='main' var='top'>
  <b:if cond='data:mobile == &quot;false&quot;'>

    <!-- posts -->
    <div class='blog-posts hfeed'>

      <b:include data='top' name='status-message'/>

      <data:defaultAdStart/>
      <b:loop values='data:posts' var='post'>
        <b:if cond='data:post.isDateStart'>
          <b:if cond='data:post.isFirstPost == &quot;false&quot;'>
            &lt;/div&gt;&lt;/div&gt;
          </b:if>
        </b:if>
        <b:if cond='data:post.isDateStart'>
          &lt;div class=&quot;date-outer&quot;&gt;
        </b:if>
        <b:if cond='data:post.dateHeader'>
          <h2 class='date-header'><span><data:post.dateHeader/></span></h2>
        </b:if>
        <b:if cond='data:post.isDateStart'>
          &lt;div class=&quot;date-posts&quot;&gt;
        </b:if>
        <div class='post-outer'>
        <b:include data='post' name='post'/>
<b:if cond='data:blog.pageType == &quot;static_page&quot;'>
  <b:include data='post' name='comment_picker'/>
</b:if>
<b:if cond='data:blog.pageType == &quot;item&quot;'>
  <b:include data='post' name='comment_picker'/>
</b:if>
        </div>
        <b:if cond='data:post.includeAd'>
          <b:if cond='data:post.isFirstPost'>
            <data:defaultAdEnd/>
          <b:else/>
            <data:adEnd/>
          </b:if>
          <div class='inline-ad'>
            <data:adCode/>
          </div>
          <data:adStart/>
        </b:if>
      </b:loop>
      <b:if cond='data:numPosts != 0'>
        &lt;/div&gt;&lt;/div&gt;
      </b:if>
      <data:adEnd/>
    </div>

<div style='clear: both;'/>
<b:if cond='data:blog.pageType != &quot;item&quot;'>
<!-- navigation -->
<b:include name='nextprev'/>
</b:if>

    <!-- feed links -->
    <b:include name='feedLinks'/>

    <b:if cond='data:top.showStars'>
      <script src='//www.google.com/jsapi' type='text/javascript'/>
      <script type='text/javascript'>
        google.load(&quot;annotations&quot;, &quot;1&quot;, {&quot;locale&quot;: &quot;<data:top.languageCode/>&quot;});
        function initialize() {
          google.annotations.setApplicationId(<data:top.blogspotReviews/>);
          google.annotations.createAll();
          google.annotations.fetch();
        }
        google.setOnLoadCallback(initialize);
      </script>
    </b:if>

  <b:else/>
    <b:include name='mobile-main'/>
  </b:if>

  <b:if cond='data:top.showDummy'>
    <data:top.dummyBootstrap/>
  </b:if>

</b:includable>
    <b:includable id='backlinkDeleteIcon' var='backlink'>
  <span expr:class='&quot;item-control &quot; + data:backlink.adminClass'>
    <a expr:href='data:backlink.deleteUrl' expr:title='data:top.deleteBacklinkMsg'>
      <img src='//www.blogger.com/img/icon_delete13.gif'/>
    </a>
  </span>
</b:includable>
    <b:includable id='backlinks' var='post'>
  <a name='links'/><h4><data:post.backlinksLabel/></h4>
  <b:if cond='data:post.numBacklinks != 0'>
    <dl class='comments-block' id='comments-block'>
      <b:loop values='data:post.backlinks' var='backlink'>
        <div class='collapsed-backlink backlink-control'>
          <dt class='comment-title'>
            <span class='backlink-toggle-zippy'>&#160;</span>
            <a expr:href='data:backlink.url' rel='nofollow'><data:backlink.title/></a>
            <b:include data='backlink' name='backlinkDeleteIcon'/>
          </dt>
          <dd class='comment-body collapseable'>
            <data:backlink.snippet/>
          </dd>
          <dd class='comment-footer collapseable'>
            <span class='comment-author'><data:post.authorLabel/> <data:backlink.author/></span>
            <span class='comment-timestamp'><data:post.timestampLabel/> <data:backlink.timestamp/></span>
          </dd>
        </div>
      </b:loop>
    </dl>
  </b:if>
  <p class='comment-footer'>
    <a class='comment-link' expr:href='data:post.createLinkUrl' expr:id='data:widget.instanceId + &quot;_backlinks-create-link&quot;' target='_blank'><data:post.createLinkLabel/></a>
  </p>
</b:includable>
    <b:includable id='comment-form' var='post'>
  <div class='comment-form'>
    <a name='comment-form'/>
    <b:if cond='data:mobile'>
      <h4 id='comment-post-message'>
        <a expr:id='data:widget.instanceId + &quot;_comment-editor-toggle-link&quot;' href='javascript:void(0)'><data:postCommentMsg/></a></h4>
      <p><data:blogCommentMessage/></p>
      <data:blogTeamBlogMessage/>
      <a expr:href='data:post.commentFormIframeSrc' id='comment-editor-src'/>
      <iframe allowtransparency='true' class='blogger-iframe-colorize blogger-comment-from-post' frameborder='0' height='410' id='comment-editor' name='comment-editor' src='' style='display: none' width='100%'/>
    <b:else/>
      <h4 id='comment-post-message'><data:postCommentMsg/></h4>
      <p><data:blogCommentMessage/></p>
      <data:blogTeamBlogMessage/>
      <a expr:href='data:post.commentFormIframeSrc' id='comment-editor-src'/>
      <iframe allowtransparency='true' class='blogger-iframe-colorize blogger-comment-from-post' frameborder='0' height='410' id='comment-editor' name='comment-editor' src='' width='100%'/>
    </b:if>
    <data:post.friendConnectJs/>
    <data:post.cmtfpIframe/>
    <script type='text/javascript'>
      BLOG_CMT_createIframe(&#39;<data:post.appRpcRelayPath/>&#39;, &#39;<data:post.communityId/>&#39;);
    </script>
  </div>
</b:includable>
    <b:includable id='commentDeleteIcon' var='comment'>
  <span expr:class='&quot;item-control &quot; + data:comment.adminClass'>
    <b:if cond='data:showCmtPopup'>
      <div class='goog-toggle-button'>
        <div class='goog-inline-block comment-action-icon'/>
      </div>
    <b:else/>
      <a class='comment-delete' expr:href='data:comment.deleteUrl' expr:title='data:top.deleteCommentMsg'>
        <img src='//www.blogger.com/img/icon_delete13.gif'/>
      </a>
    </b:if>
  </span>
</b:includable>
    <b:includable id='comment_count_picker' var='post'>
  <b:if cond='data:post.commentSource == 1'>
    <span class='cmt_count_iframe_holder' expr:data-count='data:post.numComments' expr:data-onclick='data:post.addCommentOnclick' expr:data-post-url='data:post.url' expr:data-url='data:post.canonicalUrl'>
    </span>
  <b:else/>
    <a class='comment-link' expr:href='data:post.addCommentUrl' expr:onclick='data:post.addCommentOnclick'>
      <data:post.commentLabelFull/>:
    </a>
  </b:if>
</b:includable>
    <b:includable id='comment_picker' var='post'>
  <b:if cond='data:post.commentSource == 1'>
    <b:include data='post' name='iframe_comments'/>
  <b:else/>
    <b:if cond='data:post.showThreadedComments'>
      <b:include data='post' name='threaded_comments'/>
    <b:else/>
      <b:include data='post' name='comments'/>
    </b:if>
  </b:if>
</b:includable>
    <b:includable id='comments' var='post'>
  <div class='comments' id='comments'>
    <a name='comments'/>
    <b:if cond='data:post.allowComments'>
      <h4>
        <b:if cond='data:post.numComments == 1'>
          1 <data:commentLabel/>:
        <b:else/>
          <data:post.numComments/> <data:commentLabelPlural/>:
        </b:if>
      </h4>

      <b:if cond='data:post.commentPagingRequired'>
        <span class='paging-control-container'>
          <a expr:class='data:post.oldLinkClass' expr:href='data:post.oldestLinkUrl'><data:post.oldestLinkText/></a>
          &#160;
          <a expr:class='data:post.oldLinkClass' expr:href='data:post.olderLinkUrl'><data:post.olderLinkText/></a>
          &#160;
          <data:post.commentRangeText/>
          &#160;
          <a expr:class='data:post.newLinkClass' expr:href='data:post.newerLinkUrl'><data:post.newerLinkText/></a>
          &#160;
          <a expr:class='data:post.newLinkClass' expr:href='data:post.newestLinkUrl'><data:post.newestLinkText/></a>
        </span>
      </b:if>

      <div expr:id='data:widget.instanceId + &quot;_comments-block-wrapper&quot;'>
        <dl expr:class='data:post.avatarIndentClass' id='comments-block'>
          <b:loop values='data:post.comments' var='comment'>
            <dt expr:class='&quot;comment-author &quot; + data:comment.authorClass' expr:id='data:comment.anchorName'>
              <b:if cond='data:comment.favicon'>
                <img expr:src='data:comment.favicon' height='16px' style='margin-bottom:-2px;' width='16px'/>
              </b:if>
              <a expr:name='data:comment.anchorName'/>
              <b:if cond='data:blog.enabledCommentProfileImages'>
                <data:comment.authorAvatarImage/>
              </b:if>
              <b:if cond='data:comment.authorUrl'>
                <a expr:href='data:comment.authorUrl' rel='nofollow'><data:comment.author/></a>
              <b:else/>
                <data:comment.author/>
              </b:if>
              <data:commentPostedByMsg/>
            </dt>
            <dd class='comment-body' expr:id='data:widget.instanceId + data:comment.cmtBodyIdPostfix'>
              <b:if cond='data:comment.isDeleted'>
                <span class='deleted-comment'><data:comment.body/></span>
              <b:else/>
                <p>
                  <data:comment.body/>
                </p>
              </b:if>
            </dd>
            <dd class='comment-footer'>
              <span class='comment-timestamp'>
                <a expr:href='data:comment.url' title='comment permalink'>
                  <data:comment.timestamp/>
                </a>
                <b:include data='comment' name='commentDeleteIcon'/>
              </span>
            </dd>
          </b:loop>
        </dl>
      </div>

      <b:if cond='data:post.commentPagingRequired'>
        <span class='paging-control-container'>
          <a expr:class='data:post.oldLinkClass' expr:href='data:post.oldestLinkUrl'>
            <data:post.oldestLinkText/>
          </a>
          <a expr:class='data:post.oldLinkClass' expr:href='data:post.olderLinkUrl'>
            <data:post.olderLinkText/>
          </a>
          &#160;
          <data:post.commentRangeText/>
          &#160;
          <a expr:class='data:post.newLinkClass' expr:href='data:post.newerLinkUrl'>
            <data:post.newerLinkText/>
          </a>
          <a expr:class='data:post.newLinkClass' expr:href='data:post.newestLinkUrl'>
            <data:post.newestLinkText/>
          </a>
        </span>
      </b:if>

      <p class='comment-footer'>
        <b:if cond='data:post.embedCommentForm'>
          <b:if cond='data:post.allowNewComments'>
            <b:include data='post' name='comment-form'/>
          <b:else/>
            <data:post.noNewCommentsText/>
          </b:if>
        <b:else/>
          <b:if cond='data:post.allowComments'>
            <a expr:href='data:post.addCommentUrl' expr:onclick='data:post.addCommentOnclick'><data:postCommentMsg/></a>
          </b:if>
        </b:if>

      </p>
    </b:if>
    <b:if cond='data:showCmtPopup'>
      <div id='comment-popup'>
        <iframe allowtransparency='true' frameborder='0' id='comment-actions' name='comment-actions' scrolling='no'>
        </iframe>
      </div>
    </b:if>

    <div id='backlinks-container'>
    <div expr:id='data:widget.instanceId + &quot;_backlinks-container&quot;'>
       <b:if cond='data:post.showBacklinks'>
         <b:include data='post' name='backlinks'/>
       </b:if>
    </div>
    </div>
  </div>
</b:includable>
    <b:includable id='feedLinks'>
  <b:if cond='data:blog.pageType != &quot;item&quot;'> <!-- Blog feed links -->
    <b:if cond='data:feedLinks'>
      <div class='blog-feeds'>
        <b:include data='feedLinks' name='feedLinksBody'/>
      </div>
    </b:if>

    <b:else/> <!--Post feed links -->
    <div class='post-feeds'>
      <b:loop values='data:posts' var='post'>
        <b:if cond='data:post.allowComments'>
          <b:if cond='data:post.feedLinks'>
            <b:include data='post.feedLinks' name='feedLinksBody'/>
          </b:if>
        </b:if>
      </b:loop>
    </div>
  </b:if>
</b:includable>
    <b:includable id='feedLinksBody' var='links'>
  <div class='feed-links'>
  <data:feedLinksMsg/>
  <b:loop values='data:links' var='f'>
     <a class='feed-link' expr:href='data:f.url' expr:type='data:f.mimeType' target='_blank'><data:f.name/> (<data:f.feedType/>)</a>
  </b:loop>
  </div>
</b:includable>
    <b:includable id='iframe_comments' var='post'>

  <b:if cond='data:post.allowComments'>
    <script expr:src='data:post.commentSrc' type='text/javascript'/>
    <div class='cmt_iframe_holder'/>

    <b:if cond='data:post.embedCommentForm == &quot;false&quot;'>
      <a expr:href='data:post.addCommentUrl' expr:onclick='data:post.addCommentOnclick'><data:postCommentMsg/></a>
    </b:if>
  </b:if>
</b:includable>
    <b:includable id='mobile-index-post' var='post'>
  <div class='mobile-date-outer date-outer'>
    <b:if cond='data:post.dateHeader'>
      <div class='date-header'>
        <span><data:post.dateHeader/></span>
      </div>
    </b:if>

    <div class='mobile-post-outer'>
      <a expr:href='data:post.url'>
        <h3 class='mobile-index-title entry-title'>
          <data:post.title/>
        </h3>

        <div class='mobile-index-arrow'>&amp;rsaquo;</div>

        <div class='mobile-index-contents'>
          <b:if cond='data:post.thumbnailUrl'>
            <div class='mobile-index-thumbnail'>
              <div class='Image'>
                <img expr:src='data:post.thumbnailUrl'/>
              </div>
            </div>
          </b:if>

          <div class='post-body'>
            <b:if cond='data:post.snippet'><data:post.snippet/></b:if>
          </div>
        </div>

        <div style='clear: both;'/>
      </a>

      <div class='mobile-index-comment'>
        <b:if cond='data:blog.pageType != &quot;static_page&quot;'>
          <b:if cond='data:post.allowComments'>
            <b:if cond='data:post.numComments != 0'>
              <a class='comment-link' expr:href='data:post.addCommentUrl' expr:onclick='data:post.addCommentOnclick'><b:if cond='data:post.numComments == 1'>1 <data:top.commentLabel/><b:else/><data:post.numComments/> <data:top.commentLabelPlural/></b:if></a>
            </b:if>
          </b:if>
        </b:if>
      </div>
    </div>
  </div>
</b:includable>
    <b:includable id='mobile-main' var='top'>
    <!-- posts -->
    <div class='blog-posts hfeed'>

      <b:include data='top' name='status-message'/>

      <b:if cond='data:blog.pageType == &quot;index&quot;'>
        <b:loop values='data:posts' var='post'>
          <b:include data='post' name='mobile-index-post'/>
        </b:loop>
      <b:else/>
        <b:loop values='data:posts' var='post'>
          <b:include data='post' name='mobile-post'/>
        </b:loop>
      </b:if>
    </div>

   <b:include name='mobile-nextprev'/>
</b:includable>
    <b:includable id='mobile-nextprev'>
  <div class='blog-pager' id='blog-pager'>
    <b:if cond='data:newerPageUrl'>
      <div class='mobile-link-button' id='blog-pager-newer-link'>
      <a class='blog-pager-newer-link' expr:href='data:newerPageUrl' expr:id='data:widget.instanceId + &quot;_blog-pager-newer-link&quot;' expr:title='data:newerPageTitle'>&amp;lsaquo;</a>
      </div>
    </b:if>

    <b:if cond='data:olderPageUrl'>
      <div class='mobile-link-button' id='blog-pager-older-link'>
      <a class='blog-pager-older-link' expr:href='data:olderPageUrl' expr:id='data:widget.instanceId + &quot;_blog-pager-older-link&quot;' expr:title='data:olderPageTitle'>&amp;rsaquo;</a>
      </div>
    </b:if>

    <div class='mobile-link-button' id='blog-pager-home-link'>
    <a class='home-link' expr:href='data:blog.homepageUrl'><data:homeMsg/></a>
    </div>

    <div class='mobile-desktop-link'>
      <a class='home-link' expr:href='data:desktopLinkUrl'><data:desktopLinkMsg/></a>
    </div>

  </div>
  <div class='clear'/>
</b:includable>
    <b:includable id='mobile-post' var='post'>
  <div class='date-outer'>
    <b:if cond='data:post.dateHeader'>
      <h2 class='date-header'><span><data:post.dateHeader/></span></h2>
    </b:if>
    <div class='date-posts'>
      <div class='post-outer'>

        <div class='post hentry uncustomized-post-template'>
          <a expr:name='data:post.id'/>
          <b:if cond='data:post.title'>
            <h3 class='post-title entry-title'>
              <b:if cond='data:post.link'>
                <a expr:href='data:post.link'><data:post.title/></a>
              <b:else/>
                <b:if cond='data:post.url'>
                  <b:if cond='data:blog.url != data:post.url'>
                    <a expr:href='data:post.url'><data:post.title/></a>
                  <b:else/>
                    <data:post.title/>
                  </b:if>
                <b:else/>
                  <data:post.title/>
                </b:if>
              </b:if>
            </h3>
          </b:if>

          <div class='post-header'>
            <div class='post-header-line-1'/>
          </div>

          <div class='post-body entry-content' expr:id='&quot;post-body-&quot; + data:post.id'>
            <data:post.body/>
            <div style='clear: both;'/> <!-- clear for photos floats -->
          </div>

          <div class='post-footer'>
            <div class='post-footer-line post-footer-line-1'>
              <span class='post-author vcard'>
                <b:if cond='data:top.showAuthor'>
                  <b:if cond='data:post.authorProfileUrl'>
                    <span class='fn'>
                      <a expr:href='data:post.authorProfileUrl' rel='author' title='author profile'>
                        <data:post.author/>
                      </a>
                    </span>
                  <b:else/>
                    <span class='fn'><data:post.author/></span>
                  </b:if>
                </b:if>
              </span>

              <span class='post-timestamp'>
                <b:if cond='data:top.showTimestamp'>
                  <data:top.timestampLabel/>
                  <b:if cond='data:post.url'>
                    <a class='timestamp-link' expr:href='data:post.url' rel='bookmark' title='permanent link'><abbr class='published' expr:title='data:post.timestampISO8601'><data:post.timestamp/></abbr></a>
                  </b:if>
                </b:if>
              </span>

              <span class='post-comment-link'>
                <b:if cond='data:blog.pageType != &quot;item&quot;'>
                  <b:if cond='data:blog.pageType != &quot;static_page&quot;'>
                    <b:if cond='data:post.allowComments'>
                      <a class='comment-link' expr:href='data:post.addCommentUrl' expr:onclick='data:post.addCommentOnclick'><b:if cond='data:post.numComments == 1'>1 <data:top.commentLabel/><b:else/><data:post.numComments/> <data:top.commentLabelPlural/></b:if></a>
                    </b:if>
                  </b:if>
                </b:if>
              </span>
            </div>

            <div class='post-footer-line post-footer-line-2'>
              <b:if cond='data:top.showMobileShare'>
                <div class='mobile-link-button goog-inline-block' id='mobile-share-button'>
                  <a href='javascript:void(0);'><data:shareMsg/></a>
                </div>
              </b:if>
              <b:if cond='data:top.showDummy'>
                <div class='goog-inline-block dummy-container'><data:post.dummyTag/></div>
              </b:if>
            </div>

          </div>
        </div>

<b:if cond='data:blog.pageType == &quot;static_page&quot;'>
  <b:include data='post' name='comment_picker'/>
</b:if>
<b:if cond='data:blog.pageType == &quot;item&quot;'>
  <b:include data='post' name='comment_picker'/>
</b:if>
      </div>
    </div>
  </div>
</b:includable>
    <b:includable id='nextprev'>
  <div class='blog-pager' id='blog-pager'>
    <b:if cond='data:newerPageUrl'>
      <span id='blog-pager-newer-link'>
      <a class='blog-pager-newer-link' expr:href='data:newerPageUrl' expr:id='data:widget.instanceId + &quot;_blog-pager-newer-link&quot;' expr:title='data:newerPageTitle'><data:newerPageTitle/></a>
      </span>
    </b:if>

    <b:if cond='data:olderPageUrl'>
      <span id='blog-pager-older-link'>
      <a class='blog-pager-older-link' expr:href='data:olderPageUrl' expr:id='data:widget.instanceId + &quot;_blog-pager-older-link&quot;' expr:title='data:olderPageTitle'><data:olderPageTitle/></a>
      </span>
    </b:if>

    <a class='home-link' expr:href='data:blog.homepageUrl'><data:homeMsg/></a>

    <b:if cond='data:mobileLinkUrl'>
      <div class='blog-mobile-link'>
        <a expr:href='data:mobileLinkUrl'><data:mobileLinkMsg/></a>
      </div>
    </b:if>

  </div>
  <div class='clear'/>
</b:includable>
    <b:includable id='post' var='post'>
<article class='post hentry' itemprop='blogPost' itemscope='itemscope' itemtype='http://schema.org/BlogPosting'>
<b:if cond='data:post.firstImageUrl'>
  <meta expr:content='data:post.firstImageUrl' itemprop='image'/>
</b:if>
<a expr:name='data:post.id'/>
	
  <h3 class='post-title entry-title' itemprop='name'>
    <b:if cond='data:post.link'>
      <a expr:href='data:post.link'><data:post.title/></a>
      <b:else/>
      <b:if cond='data:post.url'>
        <a expr:href='data:post.url'><data:post.title/></a>
        <b:else/>
        <data:post.title/>
      </b:if>
    </b:if>
  </h3>

<b:if cond='data:blog.pageType != &quot;static_page&quot;'>
<p class='entry-metanbt'><b:if cond='data:top.showTimestamp'><b:if cond='data:post.url'><meta expr:content='data:post.canonicalUrl' itemprop='url'/><a class='timestamp-link' expr:href='data:post.url' rel='bookmark' title='permanent link'><span class='published updated' expr:title='data:post.timestampISO8601' itemprop='datePublished'><data:post.timestamp/></span></a></b:if> / </b:if><b:if cond='data:top.showAuthor'><span class='post-author vcard'>by&amp;nbsp;<b:if cond='data:post.authorProfileUrl'><span class='fn' itemprop='author' itemscope='itemscope' itemtype='http://schema.org/Person'><meta expr:content='data:post.authorProfileUrl' itemprop='url'/><a class='g-profile' expr:href='data:post.authorProfileUrl' rel='author' title='author profile'><span itemprop='name'><data:post.author/></span></a></span><b:else/><span class='fn' itemprop='author' itemscope='itemscope' itemtype='http://schema.org/Person'><span itemprop='name'><data:post.author/></span></span></b:if></span> / </b:if><b:if cond='data:post.labels'>in <b:loop values='data:post.labels' var='label'><a expr:href='data:label.url' rel='tag'><data:label.name/></a><b:if cond='data:label.isLast != &quot;true&quot;'>, </b:if></b:loop> / </b:if><b:if cond='data:post.allowComments'>with <a expr:href='data:post.addCommentUrl' expr:onclick='data:post.addCommentOnclick'><b:if cond='data:post.numComments == 0'>No comments</b:if><b:if cond='data:post.numComments == 1'>1 comment</b:if><b:if cond='data:post.numComments &gt;= 2'><data:post.numComments/> comments</b:if></a> / </b:if><b:include data='post' name='postQuickEdit'/></p>
</b:if>

<div class='post-header-line-1'/>

<div class='post-body entry-content' expr:id='&quot;post-body-&quot; + data:post.id' itemprop='articleBody'>

<b:if cond='data:blog.pageType != &quot;static_page&quot;'>
<b:if cond='data:blog.pageType != &quot;item&quot;'>
<div expr:id='&quot;summary&quot; + data:post.id'><data:post.body/></div>
<script type='text/javascript'>createSummaryAndThumb(&quot;summary<data:post.id/>&quot;);</script>
</b:if>
</b:if>
<b:if cond='data:blog.pageType == &quot;item&quot;'><data:post.body/></b:if>
<b:if cond='data:blog.pageType == &quot;static_page&quot;'><data:post.body/></b:if>

<b:if cond='data:blog.pageType != &quot;static_page&quot;'>
<b:if cond='data:blog.pageType != &quot;item&quot;'>
<div style='float:right;padding-right:10px;margin-top:10px;'>
<a class='readmorenbt' expr:href='data:post.url'>Read More</a>
</div>
</b:if>
</b:if>
<div style='clear: both;'/> <!-- clear for photos floats -->

</div>

<b:if cond='data:blog.pageType != &quot;static_page&quot;'>
<div class='pbtsharethisbutt'>
<ul class='pbt-social-icons'>
<li class='Share-this-arti'>Share This:&amp;nbsp;&amp;nbsp;</li>
<li class='pbtfacebook'><a expr:href='&quot;http://www.facebook.com/share.php?v=4&amp;src=bm&amp;u=&quot; + data:post.url + &quot;&amp;t=&quot; + data:post.title' onclick='window.open(this.href,&quot;sharer&quot;,&quot;toolbar=0,status=0,width=626,height=436&quot;); return false;' rel='nofollow' target='_blank' title='Share this on Facebook'><i class='fa fa-facebook-square'/>&amp;nbsp;Facebook</a></li><li class='pbttwitter'><a expr:href='&quot;http://twitter.com/home?status=&quot; + data:post.title + &quot; -- &quot; + data:post.url' rel='nofollow' target='_blank' title='Tweet This!'><i class='fa fa-twitter-square'/>&amp;nbsp;Twitter</a></li><li class='pbtgoogle'><a expr:href='&quot;https://plus.google.com/share?url=&quot; + data:post.url' onclick='javascript:window.open(this.href,   &quot;&quot;, &quot;menubar=no,toolbar=no,resizable=yes,scrollbars=yes,height=600,width=600&quot;);return false;' rel='nofollow' target='_blank' title='Share this on Google+'><i class='fa fa-google-plus-square'/>&amp;nbsp;Google+</a></li><li class='pbtstumbleupon'><a expr:href='&quot;http://www.stumbleupon.com/submit?url=&quot; + data:post.url + &quot;&amp;title=&quot; + data:post.title' rel='nofollow' target='_blank' title='Stumble upon something good? Share it on StumbleUpon'><i class='fa fa-stumbleupon-circle'/>&amp;nbsp;Stumble</a></li><li class='pbtdigg'><a expr:href='&quot;http://digg.com/submit?phase=2&amp;url=&quot; + data:post.url + &quot;&amp;title=&quot; + data:post.title' rel='nofollow' target='_blank' title='Digg this!'><i class='fa fa-digg'/>&amp;nbsp;Digg</a></li>
</ul>
</div>
<div style='clear: both;'/>
</b:if>

     <b:if cond='data:blog.pageType == &quot;item&quot;'>	  
      <div class='post-iconspbt'>
      <span class='post-icons' style='padding-right:10px;'>
        <!-- email post links -->
        <b:if cond='data:post.emailPostUrl'>
          <span class='item-action'>
          <a expr:href='data:post.emailPostUrl' expr:title='data:top.emailPostMsg'>
              <img alt='' class='icon-action' height='13' src='http://img1.blogblog.com/img/icon18_email.gif' width='18'/>
          </a>
          </span>
        </b:if>
      </span>
	  
      <!-- share buttons -->
      <div class='post-share-buttons goog-inline-block'>
        <b:if cond='data:post.sharePostUrl'>
          <b:include data='post' name='shareButtons'/>
        </b:if>
      </div>
	  <div style='clear: both;'/>
	  </div>
	  </b:if>
	  
	  <b:if cond='data:blog.pageType == &quot;item&quot;'>
      <div class='post-location post-locationpbt'>
        <b:if cond='data:top.showLocation'>
          <b:if cond='data:post.location'>
            <data:postLocationLabel/>
            <a expr:href='data:post.location.mapsUrl' target='_blank'><data:post.location.name/></a>
          </b:if>
        </b:if>
      </div>
	  </b:if>
	  
	  <b:if cond='data:blog.pageType == &quot;item&quot;'>
      <b:if cond='data:post.authorAboutMe'>
        <div class='author-profile' itemprop='author' itemscope='itemscope' itemtype='http://schema.org/Person'>
          <b:if cond='data:post.authorPhoto.url'>
            <img expr:src='data:post.authorPhoto.url' itemprop='image' width='50px'/>
		  <b:else/>
		    <img itemprop='image' src='http://4.bp.blogspot.com/-sB751eADBGw/VjEWSq1xniI/AAAAAAAAALg/Y1NWppdVqK4/s000/no-avatar-50.png' width='50px'/>
          </b:if>
          <div>
            <a class='g-profile' expr:href='data:post.authorProfileUrl' itemprop='url' rel='author' title='author profile'>
              <span itemprop='name'><data:post.author/></span>
            </a>
          </div>
          <span itemprop='description'><data:post.authorAboutMe/></span>
        </div>
      </b:if>
	  </b:if>
  
<b:if cond='data:blog.pageType == &quot;item&quot;'>
<div class='related-postbwrap' id='bpostrelated-post'/>
<div style='clear: both;'/>
<script type='text/javascript'>
var labelArray = [<b:if cond='data:post.labels'><b:loop values='data:post.labels' var='label'>
          &quot;<data:label.name/>&quot;<b:if cond='data:label.isLast != &quot;true&quot;'>,</b:if>
      </b:loop></b:if>];
var relatedPostConfig = {
      homePage: &quot;<data:blog.homepageUrl/>&quot;,
      widgetTitle: &quot;&lt;h4&gt;Related Posts:&lt;/h4&gt;&quot;,
      numPosts: 5,
      summaryLength: 150,
      titleLength: &quot;auto&quot;,
      thumbnailSize: 80,
      noImage: &quot;http://3.bp.blogspot.com/-SS15lZu6PnA/VjEWTAmLm2I/AAAAAAAAALk/xFcRplpKEJk/s000/no-img.png&quot;,
      containerId: &quot;bpostrelated-post&quot;,
      newTabLink: false,
      moreText: &quot;Read More&quot;,
      widgetStyle: 2,
      callBack: function() {}
};
</script>
<script type='text/javascript'>
//<![CDATA[

/*! Related Post Widget for Blogger by Taufik Nurrohman => http://gplus.to/tovic */
var randomRelatedIndex,showRelatedPost;(function(n,m,k){var d={widgetTitle:"<h4>Artikel Terkait:</h4>",widgetStyle:1,homePage:"http://www.dte.web.id",numPosts:7,summaryLength:370,titleLength:"auto",thumbnailSize:72,noImage:"data:image/png;base64,iVBORw0KGgoAAAANSUhEUgAAAAEAAAABCAIAAACQd1PeAAAAA3NCSVQICAjb4U/gAAAADElEQVQImWOor68HAAL+AX7vOF2TAAAAAElFTkSuQmCC",containerId:"related-post",newTabLink:false,moreText:"Baca Selengkapnya",callBack:function(){}};for(var f in relatedPostConfig){d[f]=(relatedPostConfig[f]=="undefined")?d[f]:relatedPostConfig[f]}var j=function(a){var b=m.createElement("script");b.type="text/javascript";b.src=a;k.appendChild(b)},o=function(b,a){return Math.floor(Math.random()*(a-b+1))+b},l=function(a){var p=a.length,c,b;if(p===0){return false}while(--p){c=Math.floor(Math.random()*(p+1));b=a[p];a[p]=a[c];a[c]=b}return a},e=(typeof labelArray=="object"&&labelArray.length>0)?"/-/"+l(labelArray)[0]:"",h=function(b){var c=b.feed.openSearch$totalResults.$t-d.numPosts,a=o(1,(c>0?c:1));j(d.homePage.replace(/\/$/,"")+"/feeds/posts/summary"+e+"?alt=json-in-script&orderby=updated&start-index="+a+"&max-results="+d.numPosts+"&callback=showRelatedPost")},g=function(z){var s=document.getElementById(d.containerId),x=l(z.feed.entry),A=d.widgetStyle,c=d.widgetTitle+'<ul class="related-post-style-'+A+'">',b=d.newTabLink?' target="_blank"':"",y='<span style="display:block;clear:both;"></span>',v,t,w,r,u;if(!s){return}for(var q=0;q<d.numPosts;q++){if(q==x.length){break}t=x[q].title.$t;w=(d.titleLength!=="auto"&&d.titleLength<t.length)?t.substring(0,d.titleLength)+"&hellip;":t;r=("media$thumbnail" in x[q]&&d.thumbnailSize!==false)?x[q].media$thumbnail.url.replace(/\/s[0-9]+(\-c)?/,"/s"+d.thumbnailSize+"-c"):d.noImage;u=("summary" in x[q]&&d.summaryLength>0)?x[q].summary.$t.replace(/<br ?\/?>/g," ").replace(/<.*?>/g,"").replace(/[<>]/g,"").substring(0,d.summaryLength)+"&hellip;":"";for(var p=0,a=x[q].link.length;p<a;p++){v=(x[q].link[p].rel=="alternate")?x[q].link[p].href:"#"}if(A==2){c+='<li><img alt="" class="related-post-item-thumbnail" src="'+r+'" width="'+d.thumbnailSize+'" height="'+d.thumbnailSize+'"><a class="related-post-item-title" title="'+t+'" href="'+v+'"'+b+">"+w+'</a><span class="related-post-item-summary"><span class="related-post-item-summary-text">'+u+'</span> <a href="'+v+'" class="related-post-item-more"'+b+">"+d.moreText+"</a></span>"+y+"</li>"}else{if(A==3||A==4){c+='<li class="related-post-item" tabindex="0"><a class="related-post-item-title" href="'+v+'"'+b+'><img alt="" class="related-post-item-thumbnail" src="'+r+'" width="'+d.thumbnailSize+'" height="'+d.thumbnailSize+'"></a><div class="related-post-item-tooltip"><a class="related-post-item-title" title="'+t+'" href="'+v+'"'+b+">"+w+"</a></div>"+y+"</li>"}else{if(A==5){c+='<li class="related-post-item" tabindex="0"><a class="related-post-item-wrapper" href="'+v+'" title="'+t+'"'+b+'><img alt="" class="related-post-item-thumbnail" src="'+r+'" width="'+d.thumbnailSize+'" height="'+d.thumbnailSize+'"><span class="related-post-item-tooltip">'+w+"</span></a>"+y+"</li>"}else{if(A==6){c+='<li><a class="related-post-item-title" title="'+t+'" href="'+v+'"'+b+">"+w+'</a><div class="related-post-item-tooltip"><img alt="" class="related-post-item-thumbnail" src="'+r+'" width="'+d.thumbnailSize+'" height="'+d.thumbnailSize+'"><span class="related-post-item-summary"><span class="related-post-item-summary-text">'+u+"</span></span>"+y+"</div></li>"}else{c+='<li><a title="'+t+'" href="'+v+'"'+b+">"+w+"</a></li>"}}}}}s.innerHTML=c+="</ul>"+y;d.callBack()};randomRelatedIndex=h;showRelatedPost=g;j(d.homePage.replace(/\/$/,"")+"/feeds/posts/summary"+e+"?alt=json-in-script&orderby=updated&max-results=0&callback=randomRelatedIndex")})(window,document,document.getElementsByTagName("head")[0]);

//]]>
</script>
</b:if>

</article>
<div style='clear: both;'/>

<b:if cond='data:blog.pageType == &quot;item&quot;'>
<!-- navigation -->
<b:include name='nextprev'/>
</b:if>

</b:includable>
    <b:includable id='postQuickEdit' var='post'>
  <b:if cond='data:post.editUrl'>
    <span expr:class='&quot;item-control &quot; + data:post.adminClass'>
      <a expr:href='data:post.editUrl' expr:title='data:top.editPostMsg'>
        <img alt='' class='icon-action' height='18' src='http://img2.blogblog.com/img/icon18_edit_allbkg.gif' width='18'/>
      </a>
    </span>
  </b:if>
</b:includable>
    <b:includable id='shareButtons' var='post'>
  <b:if cond='data:top.showEmailButton'><a class='goog-inline-block share-button sb-email' expr:href='data:post.sharePostUrl + &quot;&amp;target=email&quot;' expr:title='data:top.emailThisMsg' target='_blank'><span class='share-button-link-text'><data:top.emailThisMsg/></span></a></b:if><b:if cond='data:top.showBlogThisButton'><a class='goog-inline-block share-button sb-blog' expr:href='data:post.sharePostUrl + &quot;&amp;target=blog&quot;' expr:onclick='&quot;window.open(this.href, \&quot;_blank\&quot;, \&quot;height=270,width=475\&quot;); return false;&quot;' expr:title='data:top.blogThisMsg' target='_blank'><span class='share-button-link-text'><data:top.blogThisMsg/></span></a></b:if><b:if cond='data:top.showTwitterButton'><a class='goog-inline-block share-button sb-twitter' expr:href='data:post.sharePostUrl + &quot;&amp;target=twitter&quot;' expr:title='data:top.shareToTwitterMsg' target='_blank'><span class='share-button-link-text'><data:top.shareToTwitterMsg/></span></a></b:if><b:if cond='data:top.showFacebookButton'><a class='goog-inline-block share-button sb-facebook' expr:href='data:post.sharePostUrl + &quot;&amp;target=facebook&quot;' expr:onclick='&quot;window.open(this.href, \&quot;_blank\&quot;, \&quot;height=430,width=640\&quot;); return false;&quot;' expr:title='data:top.shareToFacebookMsg' target='_blank'><span class='share-button-link-text'><data:top.shareToFacebookMsg/></span></a></b:if><b:if cond='data:top.showOrkutButton'><a class='goog-inline-block share-button sb-orkut' expr:href='data:post.sharePostUrl + &quot;&amp;target=orkut&quot;' expr:title='data:top.shareToOrkutMsg' target='_blank'><span class='share-button-link-text'><data:top.shareToOrkutMsg/></span></a></b:if><b:if cond='data:top.showDummy'><div class='goog-inline-block dummy-container'><data:post.dummyTag/></div></b:if>
</b:includable>
    <b:includable id='status-message'>
  <b:if cond='data:navMessage'>
  <div class='status-msg-wrap'>
    <div class='status-msg-body'>
      <data:navMessage/>
    </div>
    <div class='status-msg-border'>
      <div class='status-msg-bg'>
        <div class='status-msg-hidden'><data:navMessage/></div>
      </div>
    </div>
  </div>
  <div style='clear: both;'/>
  </b:if>
</b:includable>
    <b:includable id='threaded-comment-form' var='post'>
  <div class='comment-form'>
    <a name='comment-form'/>
    <b:if cond='data:mobile'>
      <p><data:blogCommentMessage/></p>
      <data:blogTeamBlogMessage/>
      <a expr:href='data:post.commentFormIframeSrc' id='comment-editor-src'/>
      <iframe allowtransparency='true' class='blogger-iframe-colorize blogger-comment-from-post' frameborder='0' height='410' id='comment-editor' name='comment-editor' src='' style='display: none' width='100%'/>
    <b:else/>
      <p><data:blogCommentMessage/></p>
      <data:blogTeamBlogMessage/>
      <a expr:href='data:post.commentFormIframeSrc' id='comment-editor-src'/>
      <iframe allowtransparency='true' class='blogger-iframe-colorize blogger-comment-from-post' frameborder='0' height='410' id='comment-editor' name='comment-editor' src='' width='100%'/>
    </b:if>
    <data:post.friendConnectJs/>
    <data:post.cmtfpIframe/>
    <script type='text/javascript'>
      BLOG_CMT_createIframe(&#39;<data:post.appRpcRelayPath/>&#39;, &#39;<data:post.communityId/>&#39;);
    </script>
  </div>
</b:includable>
    <b:includable id='threaded_comment_js' var='post'>
  <script async='async' expr:src='data:post.commentSrc' type='text/javascript'/>

  <script type='text/javascript'>
    (function() {
      var items = <data:post.commentJso/>;
      var msgs = <data:post.commentMsgs/>;
      var config = <data:post.commentConfig/>;

// <![CDATA[
      var cursor = null;
      if (items && items.length > 0) {
        cursor = parseInt(items[items.length - 1].timestamp) + 1;
      }

      var bodyFromEntry = function(entry) {
        if (entry.gd$extendedProperty) {
          for (var k in entry.gd$extendedProperty) {
            if (entry.gd$extendedProperty[k].name == 'blogger.contentRemoved') {
              return '<span class="deleted-comment">' + entry.content.$t + '</span>';
            }
          }
        }
        return entry.content.$t;
      }

      var parse = function(data) {
        cursor = null;
        var comments = [];
        if (data && data.feed && data.feed.entry) {
          for (var i = 0, entry; entry = data.feed.entry[i]; i++) {
            var comment = {};
            // comment ID, parsed out of the original id format
            var id = /blog-(\d+).post-(\d+)/.exec(entry.id.$t);
            comment.id = id ? id[2] : null;
            comment.body = bodyFromEntry(entry);
            comment.timestamp = Date.parse(entry.published.$t) + '';
            if (entry.author && entry.author.constructor === Array) {
              var auth = entry.author[0];
              if (auth) {
                comment.author = {
                  name: (auth.name ? auth.name.$t : undefined),
                  profileUrl: (auth.uri ? auth.uri.$t : undefined),
                  avatarUrl: (auth.gd$image ? auth.gd$image.src : undefined)
                };
              }
            }
            if (entry.link) {
              if (entry.link[2]) {
                comment.link = comment.permalink = entry.link[2].href;
              }
              if (entry.link[3]) {
                var pid = /.*comments\/default\/(\d+)\?.*/.exec(entry.link[3].href);
                if (pid && pid[1]) {
                  comment.parentId = pid[1];
                }
              }
            }
            comment.deleteclass = 'item-control blog-admin';
            if (entry.gd$extendedProperty) {
              for (var k in entry.gd$extendedProperty) {
                if (entry.gd$extendedProperty[k].name == 'blogger.itemClass') {
                  comment.deleteclass += ' ' + entry.gd$extendedProperty[k].value;
                }
              }
            }
            comments.push(comment);
          }
        }
        return comments;
      };

      var paginator = function(callback) {
        if (hasMore()) {
          var url = config.feed + '?alt=json&v=2&orderby=published&reverse=false&max-results=50';
          if (cursor) {
            url += '&published-min=' + new Date(cursor).toISOString();
          }
          window.bloggercomments = function(data) {
            var parsed = parse(data);
            cursor = parsed.length < 50 ? null
                : parseInt(parsed[parsed.length - 1].timestamp) + 1
            callback(parsed);
            window.bloggercomments = null;
          }
          url += '&callback=bloggercomments';
          var script = document.createElement('script');
          script.type = 'text/javascript';
          script.src = url;
          document.getElementsByTagName('head')[0].appendChild(script);
        }
      };
      var hasMore = function() {
        return !!cursor;
      };
      var getMeta = function(key, comment) {
        if ('iswriter' == key) {
          var matches = !!comment.author
              && comment.author.name == config.authorName
              && comment.author.profileUrl == config.authorUrl;
          return matches ? 'true' : '';
        } else if ('deletelink' == key) {
          return config.baseUri + '/delete-comment.g?blogID='
               + config.blogId + '&postID=' + comment.id;
        } else if ('deleteclass' == key) {
          return comment.deleteclass;
        }
        return '';
      };

      var replybox = null;
      var replyUrlParts = null;
      var replyParent = undefined;

      var onReply = function(commentId, domId) {
        if (replybox == null) {
          // lazily cache replybox, and adjust to suit this style:
          replybox = document.getElementById('comment-editor');
          if (replybox != null) {
            replybox.height = '250px';
            replybox.style.display = 'block';
            replyUrlParts = replybox.src.split('#');
          }
        }
        if (replybox && (commentId !== replyParent)) {
          document.getElementById(domId).insertBefore(replybox, null);
          replybox.src = replyUrlParts[0]
              + (commentId ? '&parentID=' + commentId : '')
              + '#' + replyUrlParts[1];
          replyParent = commentId;
        }
      };

      var hash = (window.location.hash || '#').substring(1);
      var startThread, targetComment;
      if (/^comment-form_/.test(hash)) {
        startThread = hash.substring('comment-form_'.length);
      } else if (/^c[0-9]+$/.test(hash)) {
        targetComment = hash.substring(1);
      }

      // Configure commenting API:
      var configJso = {
        'maxDepth': config.maxThreadDepth
      };
      var provider = {
        'id': config.postId,
        'data': items,
        'loadNext': paginator,
        'hasMore': hasMore,
        'getMeta': getMeta,
        'onReply': onReply,
        'rendered': true,
        'initComment': targetComment,
        'initReplyThread': startThread,
        'config': configJso,
        'messages': msgs
      };

      var render = function() {
        if (window.goog && window.goog.comments) {
          var holder = document.getElementById('comment-holder');
          window.goog.comments.render(holder, provider);
        }
      };

      // render now, or queue to render when library loads:
      if (window.goog && window.goog.comments) {
        render();
      } else {
        window.goog = window.goog || {};
        window.goog.comments = window.goog.comments || {};
        window.goog.comments.loadQueue = window.goog.comments.loadQueue || [];
        window.goog.comments.loadQueue.push(render);
      }
    })();
// ]]>
  </script>
</b:includable>
    <b:includable id='threaded_comments' var='post'>
  <div class='comments' id='comments'>
    <a name='comments'/>
    <h4><data:post.commentLabelFull/>:</h4>

    <div class='comments-content'>
      <b:if cond='data:post.embedCommentForm'>
        <b:include data='post' name='threaded_comment_js'/>
      </b:if>
      <div id='comment-holder'>
         <data:post.commentHtml/>
      </div>
    </div>

    <p class='comment-footer'>
      <b:if cond='data:post.allowNewComments'>
        <b:include data='post' name='threaded-comment-form'/>
      <b:else/>
        <data:post.noNewCommentsText/>
      </b:if>
    </p>

    <b:if cond='data:showCmtPopup'>
      <div id='comment-popup'>
        <iframe allowtransparency='true' frameborder='0' id='comment-actions' name='comment-actions' scrolling='no'>
        </iframe>
      </div>
    </b:if>

    <div id='backlinks-container'>
    <div expr:id='data:widget.instanceId + &quot;_backlinks-container&quot;'>
       <b:if cond='data:post.showBacklinks'>
         <b:include data='post' name='backlinks'/>
       </b:if>
    </div>
    </div>
  </div>
</b:includable>
  </b:widget>
</b:section>
</div>		

<!--start:SIDEBAR -->
<aside class='col-4 widgetareanbt' role='complementary'>	    

<div class='widget widget_searchnbt'>
<form expr:action='data:blog.homepageUrl + &quot;search/&quot;' id='searchformnbt' method='get' role='search'>
	<input class='searchnbt' id='snbt' name='q' onblur='if (this.value == &apos;&apos;) { this.value = &apos;type &amp; press ENTER&apos;;}' onfocus='if (this.value == &apos;type &amp; press ENTER&apos;) { this.value = &apos;&apos;;}' type='search' value='type &amp; press ENTER'/>
</form>
</div>

<b:section class='sidebarrightnbt' id='sidebarrightnbt' preferred='yes'>
  <b:widget id='PopularPosts1' locked='false' title='Popular Posts' type='PopularPosts'>
    <b:includable id='main'>
  <b:if cond='data:title'><h2><data:title/></h2></b:if>
  <div class='widget-content popular-posts'>
    <ul>
      <b:loop values='data:posts' var='post'>
      <li>
        <b:if cond='data:showThumbnails == &quot;false&quot;'>
          <b:if cond='data:showSnippets == &quot;false&quot;'>
            <!-- (1) No snippet/thumbnail -->
            <a expr:href='data:post.href'><data:post.title/></a>
          <b:else/>
            <!-- (2) Show only snippets -->
            <div class='item-title'><a expr:href='data:post.href'><data:post.title/></a></div>
            <div class='item-snippet'><data:post.snippet/></div>
          </b:if>
        <b:else/>
          <b:if cond='data:showSnippets == &quot;false&quot;'>
            <!-- (3) Show only thumbnails -->
            <div class='item-thumbnail-only'>
              <b:if cond='data:post.thumbnail'>
                <div class='item-thumbnail'>
                  <a expr:href='data:post.href' target='_blank'>
                    <img alt='' border='0' expr:height='data:thumbnailSize' expr:src='data:post.thumbnail' expr:width='data:thumbnailSize'/>
                  </a>
                </div>
              </b:if>
              <div class='item-title'><a expr:href='data:post.href'><data:post.title/></a></div>
            </div>
            <div style='clear: both;'/>
          <b:else/>
            <!-- (4) Show snippets and thumbnails -->
            <div class='item-content'>
              <b:if cond='data:post.thumbnail'>
                <div class='item-thumbnail'>
                  <a expr:href='data:post.href' target='_blank'>
                    <img alt='' border='0' expr:height='data:thumbnailSize' expr:src='data:post.thumbnail' expr:width='data:thumbnailSize'/>
                  </a>
                </div>
              </b:if>
              <div class='item-title'><a expr:href='data:post.href'><data:post.title/></a></div>
              <div class='item-snippet'><data:post.snippet/></div>
            </div>
            <div style='clear: both;'/>
          </b:if>
        </b:if>
      </li>
      </b:loop>
    </ul>
    <b:include name='quickedit'/>
  </div>
</b:includable>
  </b:widget>
  <b:widget id='Label1' locked='false' title='Categories' type='Label'>
    <b:includable id='main'>
  <b:if cond='data:title'>
    <h2><data:title/></h2>
  </b:if>
  <div expr:class='&quot;widget-content &quot; + data:display + &quot;-label-widget-content&quot;'>
    <b:if cond='data:display == &quot;list&quot;'>
      <ul>
      <b:loop values='data:labels' var='label'>
        <li>
          <b:if cond='data:blog.url == data:label.url'>
            <span expr:dir='data:blog.languageDirection'><data:label.name/></span>
          <b:else/>
            <a expr:dir='data:blog.languageDirection' expr:href='data:label.url'><data:label.name/></a>
          </b:if>
          <b:if cond='data:showFreqNumbers'>
            <span dir='ltr'>(<data:label.count/>)</span>
          </b:if>
        </li>
      </b:loop>
      </ul>
    <b:else/>
      <b:loop values='data:labels' var='label'>
        <span expr:class='&quot;label-size label-size-&quot; + data:label.cssSize'>
          <b:if cond='data:blog.url == data:label.url'>
            <span expr:dir='data:blog.languageDirection'><data:label.name/></span>
          <b:else/>
            <a expr:dir='data:blog.languageDirection' expr:href='data:label.url'><data:label.name/></a>
          </b:if>
          <b:if cond='data:showFreqNumbers'>
            <span class='label-count' dir='ltr'>(<data:label.count/>)</span>
          </b:if>
        </span>
      </b:loop>
    </b:if>
    <b:include name='quickedit'/>
  </div>
</b:includable>
  </b:widget>
  <b:widget id='BlogArchive1' locked='false' title='Blog Archive' type='BlogArchive'>
    <b:includable id='main'>
  <b:if cond='data:title'>
    <h2><data:title/></h2>
  </b:if>
  <div class='widget-content'>
  <div id='ArchiveList'>
  <div expr:id='data:widget.instanceId + &quot;_ArchiveList&quot;'>
    <b:if cond='data:style == &quot;HIERARCHY&quot;'>
     <b:include data='data' name='interval'/>
    </b:if>
    <b:if cond='data:style == &quot;FLAT&quot;'>
      <b:include data='data' name='flat'/>
    </b:if>
    <b:if cond='data:style == &quot;MENU&quot;'>
      <b:include data='data' name='menu'/>
    </b:if>
  </div>
  </div>
  <b:include name='quickedit'/>
  </div>
</b:includable>
    <b:includable id='flat' var='data'>
  <ul class='flat'>
    <b:loop values='data:data' var='i'>
      <li class='archivedate'>
        <a expr:href='data:i.url'><data:i.name/></a> (<data:i.post-count/>)
      </li>
    </b:loop>
  </ul>
</b:includable>
    <b:includable id='interval' var='intervalData'>
  <b:loop values='data:intervalData' var='i'>
      <ul class='hierarchy'>
        <li expr:class='&quot;archivedate &quot; + data:i.expclass'>
          <b:include data='i' name='toggle'/>
          <a class='post-count-link' expr:href='data:i.url'><data:i.name/></a>
            <span class='post-count' dir='ltr'>(<data:i.post-count/>)</span>
          <b:if cond='data:i.data'>
            <b:include data='i.data' name='interval'/>
          </b:if>
          <b:if cond='data:i.posts'>
            <b:include data='i.posts' name='posts'/>
          </b:if>
        </li>
      </ul>
  </b:loop>
</b:includable>
    <b:includable id='menu' var='data'>
  <select expr:id='data:widget.instanceId + &quot;_ArchiveMenu&quot;'>
    <option value=''><data:title/></option>
    <b:loop values='data:data' var='i'>
      <option expr:value='data:i.url'><data:i.name/> (<data:i.post-count/>)</option>
    </b:loop>
  </select>
</b:includable>
    <b:includable id='posts' var='posts'>
  <ul class='posts'>
    <b:loop values='data:posts' var='i'>
      <li><a expr:href='data:i.url'><data:i.title/></a></li>
    </b:loop>
  </ul>
</b:includable>
    <b:includable id='toggle' var='interval'>
  <b:if cond='data:interval.toggleId'>
  <b:if cond='data:interval.expclass == &quot;expanded&quot;'>
    <a class='toggle' href='javascript:void(0)'>
      <span class='zippy toggle-open'>&#9660;&#160;</span>
    </a>
  <b:else/>
    <a class='toggle' href='javascript:void(0)'>
      <span class='zippy'>
        <b:if cond='data:blog.languageDirection == &quot;rtl&quot;'>
          &#9668;&#160;
        <b:else/>
          &#9658;&#160;
        </b:if>
      </span>
    </a>
  </b:if>
 </b:if>
</b:includable>
  </b:widget>
  <b:widget id='Attribution1' locked='true' title='' type='Attribution'>
    <b:includable id='main'>
    <b:if cond='data:feedbackSurveyLink'>
      <div class='mobile-survey-link' style='text-align: center;'>
        <data:feedbackSurveyLink/>
      </div>
    </b:if>

    <div class='widget-content' style='text-align: center;'>
      <b:if cond='data:attribution != &quot;&quot;'>
       <data:attribution/>
      </b:if>
    </div>

    <b:include name='quickedit'/>
  </b:includable>
  </b:widget>
  <b:widget id='Navbar1' locked='true' title='Navbar' type='Navbar'>
    <b:includable id='main'>&lt;script type=&quot;text/javascript&quot;&gt;
    function setAttributeOnload(object, attribute, val) {
      if(window.addEventListener) {
        window.addEventListener(&#39;load&#39;,
          function(){ object[attribute] = val; }, false);
      } else {
        window.attachEvent(&#39;onload&#39;, function(){ object[attribute] = val; });
      }
    }
  &lt;/script&gt;
&lt;div id=&quot;navbar-iframe-container&quot;&gt;&lt;/div&gt;
&lt;script type=&quot;text/javascript&quot; src=&quot;https://apis.google.com/js/plusone.js&quot;&gt;&lt;/script&gt;
&lt;script type=&quot;text/javascript&quot;&gt;
        gapi.load(&quot;gapi.iframes:gapi.iframes.style.bubble&quot;, function() {
          if (gapi.iframes &amp;&amp; gapi.iframes.getContext) {
            gapi.iframes.getContext().openChild({
                url: &#39;https://www.blogger.com/navbar.g?targetBlogID\0757881832725600755028\46blogName\75Alexis\46publishMode\75PUBLISH_MODE_BLOGSPOT\46navbarType\75LIGHT\46layoutType\75LAYOUTS\46searchRoot\75//alexis-btemplates.blogspot.com/search\46blogLocale\75en\46v\0752\46homepageUrl\75http://alexis-btemplates.blogspot.com/\46vt\0757047929066508432901&#39;,
                where: document.getElementById(&quot;navbar-iframe-container&quot;),
                id: &quot;navbar-iframe&quot;
            });
          }
        });
      &lt;/script&gt;&lt;script type=&quot;text/javascript&quot;&gt;
(function() {
var script = document.createElement(&#39;script&#39;);
script.type = &#39;text/javascript&#39;;
script.src = &#39;//pagead2.googlesyndication.com/pagead/js/google_top_exp.js&#39;;
var head = document.getElementsByTagName(&#39;head&#39;)[0];
if (head) {
head.appendChild(script);
}})();
&lt;/script&gt;
</b:includable>
  </b:widget>
</b:section>

</aside>
<!--END: SIDEBAR -->

</div> <!-- row -->
</div>
<!--end: CONTAINER -->
	
<!--start:FOOTER -->
<footer class='rownbt' id='footernbt' role='contentinfo'>
<div class='col-6'>		
Copyright &#169; <script type='text/javascript'>var creditsyear = new Date();document.write(creditsyear.getFullYear());</script> <a expr:href='data:blog.homepageUrl'><data:blog.title/></a><br/>Powered by <a href='http://www.blogger.com/'>Blogger</a>	
</div>
<div class='col-6 text-rightnbt'>
<!-- Do not edit or remove credits without our permission: newbloggerthemes.com -->
Design by <a href='https://wpqa.net' target='_blank'>WPQA</a><br/>Blogger Theme by <a href='http://newbloggerthemes.com/' target='_blank' title='NewBloggerThemes.com'>NewBloggerThemes.com</a> | <a href='http://www.premascook.com/' target='_blank'>Prema&#39;s Culinary</a></div>
</footer>
<!--end: FOOTER -->

<script type='text/javascript'>
//<![CDATA[

/*!
 * License:            GNU General Public License v3.0
 * License URI:        http://www.gnu.org/licenses/gpl-3.0.html
 * 
 */

jQuery(document).ready(function($) {
	// toggle menu on mobile				
	$('.hamburgernbt').on('click', function(){
		$('.menu-listnbt').slideToggle(400);
	});
	$('.menu-item').has('ul').prepend('<span class="menu-click"><i class="fa fa-chevron-down"></i></span>');
	// toggle sub-menu		
	$('.menu-listnbt').on('click', '.menu-click', function(){
		$(this).siblings('.sub-menu').toggle();
		$(this).children('.fa').toggleClass('rotate');			
	});		
	// smooth scroll to top
	$('.top').click(function(){
		$('html,body').animate({scrollTop: 0}, 500);
		$(this).unbind("mouseenter mouseleave");
        return false;
	});
});

//]]>
</script>

</body>
</html>